name,link
bogota,https://www.tripadvisor.com/Hotels-g294074-Bogota-Hotels.html
santa marta municipality,https://www.tripadvisor.com/Hotels-g3860359-Santa_Marta_Municipality_Magdalena_Department-Hotels.html
cartagena,https://www.tripadvisor.com/Hotels-g297476-Cartagena_Cartagena_District_Bolivar_Department-Hotels.html
medellin,https://www.tripadvisor.com/Hotels-g297478-Medellin_Antioquia_Department-Hotels.html
cali,https://www.tripadvisor.com/Hotels-g297475-Cali_Valle_del_Cauca_Department-Hotels.html
san andres island,https://www.tripadvisor.com/Hotels-g297482-San_Andres_Island_San_Andres_and_Providencia_Department-Hotels.html
san andres,https://www.tripadvisor.com/Hotels-g3493965-San_Andres_San_Andres_Island_San_Andres_and_Providencia_Department-Hotels.html
villa de leyva,https://www.tripadvisor.com/Hotels-g676524-Villa_de_Leyva_Boyaca_Department-Hotels.html
pereira,https://www.tripadvisor.com/Hotels-g297479-Pereira_Risaralda_Department-Hotels.html
barranquilla,https://www.tripadvisor.com/Hotels-g297473-Barranquilla_Atlantico_Department-Hotels.html
villavicencio,https://www.tripadvisor.com/Hotels-g676523-Villavicencio_Meta_Department-Hotels.html
armenia,https://www.tripadvisor.com/Hotels-g319823-Armenia_Quindio_Department-Hotels.html
salento,https://www.tripadvisor.com/Hotels-g1580963-Salento_Quindio_Department-Hotels.html
manizales,https://www.tripadvisor.com/Hotels-g652402-Manizales_Caldas_Department-Hotels.html
montenegro,https://www.tripadvisor.com/Hotels-g1915404-Montenegro_Quindio_Department-Hotels.html
san gil,https://www.tripadvisor.com/Hotels-g1221358-San_Gil_Santander_Department-Hotels.html
palomino,https://www.tripadvisor.com/Hotels-g3754359-Palomino_La_Guajira_Department-Hotels.html
guatape,https://www.tripadvisor.com/Hotels-g1087551-Guatape_Antioquia_Department-Hotels.html
bucaramanga,https://www.tripadvisor.com/Hotels-g297474-Bucaramanga_Santander_Department-Hotels.html
quimbaya,https://www.tripadvisor.com/Hotels-g1547306-Quimbaya_Quindio_Department-Hotels.html
popayan,https://www.tripadvisor.com/Hotels-g319824-Popayan_Cauca_Department-Hotels.html
barichara,https://www.tripadvisor.com/Hotels-g1178558-Barichara_Santander_Department-Hotels.html
melgar,https://www.tripadvisor.com/Hotels-g677791-Melgar_Tolima_Department-Hotels.html
leticia,https://www.tripadvisor.com/Hotels-g317037-Leticia_Amazonas_Department-Hotels.html
santa rosa de cabal,https://www.tripadvisor.com/Hotels-g1641481-Santa_Rosa_de_Cabal_Risaralda_Department-Hotels.html
jardin,https://www.tripadvisor.com/Hotels-g2035190-Jardin_Antioquia_Department-Hotels.html
covenas,https://www.tripadvisor.com/Hotels-g616329-Covenas_Sucre_Department-Hotels.html
pasto,https://www.tripadvisor.com/Hotels-g677789-Pasto_Narino_Department-Hotels.html
neiva,https://www.tripadvisor.com/Hotels-g1220269-Neiva_Huila_Department-Hotels.html
valledupar,https://www.tripadvisor.com/Hotels-g1009235-Valledupar_Cesar_Department-Hotels.html
riohacha,https://www.tripadvisor.com/Hotels-g676527-Riohacha_La_Guajira_Department-Hotels.html
san agustin,https://www.tripadvisor.com/Hotels-g445060-San_Agustin_Huila_Department-Hotels.html
santa fe de antioquia,https://www.tripadvisor.com/Hotels-g672067-Santa_Fe_de_Antioquia_Antioquia_Department-Hotels.html
ibague,https://www.tripadvisor.com/Hotels-g297477-Ibague_Tolima_Department-Hotels.html
santiago de tolu,https://www.tripadvisor.com/Hotels-g1726000-Santiago_de_Tolu_Sucre_Department-Hotels.html
yopal,https://www.tripadvisor.com/Hotels-g1220262-Yopal_Casanare_Department-Hotels.html
monteria,https://www.tripadvisor.com/Hotels-g609136-Monteria_Cordoba_Department-Hotels.html
cucuta,https://www.tripadvisor.com/Hotels-g676525-Cucuta_Norte_de_Santander_Department-Hotels.html
girardot,https://www.tripadvisor.com/Hotels-g677790-Girardot_Cundinamarca_Department-Hotels.html
providencia island,https://www.tripadvisor.com/Hotels-g297480-Providencia_Island_San_Andres_and_Providencia_Department-Hotels.html
villeta,https://www.tripadvisor.com/Hotels-g675692-Villeta_Cundinamarca_Department-Hotels.html
filandia,https://www.tripadvisor.com/Hotels-g3147813-Filandia_Quindio_Department-Hotels.html
rionegro,https://www.tripadvisor.com/Hotels-g297481-Rionegro_Antioquia_Department-Hotels.html
paipa,https://www.tripadvisor.com/Hotels-g312856-Paipa_Boyaca_Department-Hotels.html
capurgana,https://www.tripadvisor.com/Hotels-g681277-Capurgana_Choco_Department-Hotels.html
tunja,https://www.tripadvisor.com/Hotels-g776258-Tunja_Boyaca_Department-Hotels.html
isla baru,https://www.tripadvisor.com/Hotels-g1507145-Isla_Baru_Cartagena_District_Bolivar_Department-Hotels.html
nuqui,https://www.tripadvisor.com/Hotels-g809122-Nuqui_Choco_Department-Hotels.html
la tebaida,https://www.tripadvisor.com/Hotels-g2431721-La_Tebaida_Quindio_Department-Hotels.html
buga,https://www.tripadvisor.com/Hotels-g1222935-Buga_Valle_del_Cauca_Department-Hotels.html
calarca,https://www.tripadvisor.com/Hotels-g2539236-Calarca_Quindio_Department-Hotels.html
ipiales,https://www.tripadvisor.com/Hotels-g678216-Ipiales_Narino_Department-Hotels.html
mompos,https://www.tripadvisor.com/Hotels-g445061-Mompos_Bolivar_Department-Hotels.html
necocli,https://www.tripadvisor.com/Hotels-g1588172-Necocli_Antioquia_Department-Hotels.html
la vega,https://www.tripadvisor.com/Hotels-g1222966-La_Vega_Cundinamarca_Department-Hotels.html
bahia solano,https://www.tripadvisor.com/Hotels-g1983809-Bahia_Solano_Choco_Department-Hotels.html
duitama,https://www.tripadvisor.com/Hotels-g1998885-Duitama_Boyaca_Department-Hotels.html
guatavita,https://www.tripadvisor.com/Hotels-g970262-Guatavita_Cundinamarca_Department-Hotels.html
villavieja,https://www.tripadvisor.com/Hotels-g1507128-Villavieja_Huila_Department-Hotels.html
san onofre,https://www.tripadvisor.com/Hotels-g4452849-San_Onofre_Sucre_Department-Hotels.html
buenaventura,https://www.tripadvisor.com/Hotels-g671591-Buenaventura_Valle_del_Cauca_Department-Hotels.html
penol,https://www.tripadvisor.com/Hotels-g8294493-Penol_Antioquia_Department-Hotels.html
puerto colombia,https://www.tripadvisor.com/Hotels-g4454796-Puerto_Colombia_Atlantico_Department-Hotels.html
jerico,https://www.tripadvisor.com/Hotels-g3834928-Jerico_Antioquia_Department-Hotels.html
rivera,https://www.tripadvisor.com/Hotels-g6206661-Rivera_Huila_Department-Hotels.html
barrancabermeja,https://www.tripadvisor.com/Hotels-g1594789-Barrancabermeja_Santander_Department-Hotels.html
palmira,https://www.tripadvisor.com/Hotels-g1725989-Palmira_Valle_del_Cauca_Department-Hotels.html
circasia,https://www.tripadvisor.com/Hotels-g2044718-Circasia_Quindio_Department-Hotels.html
florencia,https://www.tripadvisor.com/Hotels-g1459889-Florencia_Caqueta_Department-Hotels.html
isla grande,https://www.tripadvisor.com/Hotels-g6503218-Isla_Grande_Islas_de_Rosario_Cartagena_District_Bolivar_Department-Hotels.html
sogamoso,https://www.tripadvisor.com/Hotels-g677792-Sogamoso_Boyaca_Department-Hotels.html
mocoa,https://www.tripadvisor.com/Hotels-g1932047-Mocoa_Putumayo_Department-Hotels.html
guaduas,https://www.tripadvisor.com/Hotels-g4454193-Guaduas_Cundinamarca_Department-Hotels.html
calima,https://www.tripadvisor.com/Hotels-g2698484-Calima_Valle_del_Cauca_Department-Hotels.html
la mesa,https://www.tripadvisor.com/Hotels-g1222956-La_Mesa_Cundinamarca_Department-Hotels.html
doradal,https://www.tripadvisor.com/Hotels-g8714744-Doradal_Antioquia_Department-Hotels.html
acacias,https://www.tripadvisor.com/Hotels-g1221359-Acacias_Meta_Department-Hotels.html
fusagasuga,https://www.tripadvisor.com/Hotels-g1221356-Fusagasuga_Cundinamarca_Department-Hotels.html
mariquita,https://www.tripadvisor.com/Hotels-g3249628-Mariquita_Tolima_Department-Hotels.html
honda,https://www.tripadvisor.com/Hotels-g2167254-Honda_Tolima_Department-Hotels.html
anapoima,https://www.tripadvisor.com/Hotels-g1641484-Anapoima_Cundinamarca_Department-Hotels.html
chia,https://www.tripadvisor.com/Hotels-g815502-Chia_Cundinamarca_Department-Hotels.html
sincelejo,https://www.tripadvisor.com/Hotels-g1395140-Sincelejo_Sucre_Department-Hotels.html
apartado,https://www.tripadvisor.com/Hotels-g2440188-Apartado_Antioquia_Department-Hotels.html
la calera,https://www.tripadvisor.com/Hotels-g1222951-La_Calera_Cundinamarca_Department-Hotels.html
guasca,https://www.tripadvisor.com/Hotels-g1850878-Guasca_Cundinamarca_Department-Hotels.html
aguachica,https://www.tripadvisor.com/Hotels-g1641483-Aguachica_Cesar_Department-Hotels.html
san bernardo del viento,https://www.tripadvisor.com/Hotels-g4454675-San_Bernardo_del_Viento_Cordoba_Department-Hotels.html
san jeronimo,https://www.tripadvisor.com/Hotels-g2431775-San_Jeronimo_Antioquia_Department-Hotels.html
dibulla,https://www.tripadvisor.com/Hotels-g3960811-Dibulla_La_Guajira_Department-Hotels.html
floridablanca,https://www.tripadvisor.com/Hotels-g2094269-Floridablanca_Santander_Department-Hotels.html
la dorada,https://www.tripadvisor.com/Hotels-g4446037-La_Dorada_Caldas_Department-Hotels.html
tulua,https://www.tripadvisor.com/Hotels-g1598746-Tulua_Valle_del_Cauca_Department-Hotels.html
dosquebradas,https://www.tripadvisor.com/Hotels-g1532246-Dosquebradas_Risaralda_Department-Hotels.html
envigado,https://www.tripadvisor.com/Hotels-g1918553-Envigado_Antioquia_Department-Hotels.html
curiti,https://www.tripadvisor.com/Hotels-g4171798-Curiti_Santander_Department-Hotels.html
tibasosa,https://www.tripadvisor.com/Hotels-g2501880-Tibasosa_Boyaca_Department-Hotels.html
aquitania,https://www.tripadvisor.com/Hotels-g3347757-Aquitania_Boyaca_Department-Hotels.html
suesca,https://www.tripadvisor.com/Hotels-g1600806-Suesca_Cundinamarca_Department-Hotels.html
pitalito,https://www.tripadvisor.com/Hotels-g2440195-Pitalito_Huila_Department-Hotels.html
san rafael,https://www.tripadvisor.com/Hotels-g12107000-San_Rafael_Antioquia_Department-Hotels.html
san jose del guaviare,https://www.tripadvisor.com/Hotels-g3493972-San_Jose_del_Guaviare_Guaviare_Department-Hotels.html
los santos,https://www.tripadvisor.com/Hotels-g1903130-Los_Santos_Santander_Department-Hotels.html
cartago,https://www.tripadvisor.com/Hotels-g910883-Cartago_Valle_del_Cauca_Department-Hotels.html
san francisco,https://www.tripadvisor.com/Hotels-g3182284-San_Francisco_Cundinamarca_Department-Hotels.html
la boquilla,https://www.tripadvisor.com/Hotels-g13115315-La_Boquilla_Cartagena_District_Bolivar_Department-Hotels.html
guarne,https://www.tripadvisor.com/Hotels-g1584018-Guarne_Antioquia_Department-Hotels.html
boyaca,https://www.tripadvisor.com/Hotels-g317035-Boyaca_Boyaca_Department-Hotels.html
san antero,https://www.tripadvisor.com/Hotels-g4455081-San_Antero_Cordoba_Department-Hotels.html
marinilla,https://www.tripadvisor.com/Hotels-g3389559-Marinilla_Antioquia_Department-Hotels.html
granada,https://www.tripadvisor.com/Hotels-g3453016-Granada_Meta_Department-Hotels.html
iza,https://www.tripadvisor.com/Hotels-g3248375-Iza_Boyaca_Department-Hotels.html
cabo de la vela,https://www.tripadvisor.com/Hotels-g12033670-Cabo_de_La_Vela_La_Guajira_Department-Hotels.html
mongui,https://www.tripadvisor.com/Hotels-g7937889-Mongui_Boyaca_Department-Hotels.html
arboletes,https://www.tripadvisor.com/Hotels-g1588170-Arboletes_Antioquia_Department-Hotels.html
puerto narino,https://www.tripadvisor.com/Hotels-g1732625-Puerto_Narino_Amazonas_Department-Hotels.html
ricaurte,https://www.tripadvisor.com/Hotels-g4212776-Ricaurte_Cundinamarca_Department-Hotels.html
san luis,https://www.tripadvisor.com/Hotels-g8265024-San_Luis_San_Andres_Island_San_Andres_and_Providencia_Department-Hotels.html
puerto triunfo,https://www.tripadvisor.com/Hotels-g1602461-Puerto_Triunfo_Antioquia_Department-Hotels.html
piedecuesta,https://www.tripadvisor.com/Hotels-g2440192-Piedecuesta_Santander_Department-Hotels.html
el colegio,https://www.tripadvisor.com/Hotels-g4458723-El_Colegio_Cundinamarca_Department-Hotels.html
zipaquira,https://www.tripadvisor.com/Hotels-g815372-Zipaquira_Cundinamarca_Department-Hotels.html
isla tierra bomba,https://www.tripadvisor.com/Hotels-g1604046-Isla_Tierra_Bomba_Cartagena_District_Bolivar_Department-Hotels.html
zapatoca,https://www.tripadvisor.com/Hotels-g8509541-Zapatoca_Santander_Department-Hotels.html
tota,https://www.tripadvisor.com/Hotels-g3347755-Tota_Boyaca_Department-Hotels.html
quibdo,https://www.tripadvisor.com/Hotels-g681278-Quibdo_Choco_Department-Hotels.html
sasaima,https://www.tripadvisor.com/Hotels-g1673758-Sasaima_Cundinamarca_Department-Hotels.html
prado,https://www.tripadvisor.com/Hotels-g7620157-Prado_Tolima_Department-Hotels.html
roldanillo,https://www.tripadvisor.com/Hotels-g4454152-Roldanillo_Valle_del_Cauca_Department-Hotels.html
socorro,https://www.tripadvisor.com/Hotels-g3398650-Socorro_Santander_Department-Hotels.html
salamina,https://www.tripadvisor.com/Hotels-g3732533-Salamina_Caldas_Department-Hotels.html
choachi,https://www.tripadvisor.com/Hotels-g2437307-Choachi_Cundinamarca_Department-Hotels.html
silvania,https://www.tripadvisor.com/Hotels-g1222968-Silvania_Cundinamarca_Department-Hotels.html
tocaima,https://www.tripadvisor.com/Hotels-g1222959-Tocaima_Cundinamarca_Department-Hotels.html
puerto boyaca,https://www.tripadvisor.com/Hotels-g4452841-Puerto_Boyaca_Boyaca_Department-Hotels.html
barbosa,https://www.tripadvisor.com/Hotels-g1996470-Barbosa_Santander_Department-Hotels.html
sapzurro,https://www.tripadvisor.com/Hotels-g1999599-Sapzurro_Choco_Department-Hotels.html
san andres de tumaco,https://www.tripadvisor.com/Hotels-g1023796-San_Andres_de_Tumaco_Narino_Department-Hotels.html
nobsa,https://www.tripadvisor.com/Hotels-g8568602-Nobsa_Boyaca_Department-Hotels.html
moniquira,https://www.tripadvisor.com/Hotels-g4458589-Moniquira_Boyaca_Department-Hotels.html
el cocuy,https://www.tripadvisor.com/Hotels-g6114717-El_Cocuy_Boyaca_Department-Hotels.html
puerto lopez,https://www.tripadvisor.com/Hotels-g1221360-Puerto_Lopez_Meta_Department-Hotels.html
espinal,https://www.tripadvisor.com/Hotels-g3745724-Espinal_Tolima_Department-Hotels.html
pamplona,https://www.tripadvisor.com/Hotels-g677784-Pamplona_Norte_de_Santander_Department-Hotels.html
sopetran,https://www.tripadvisor.com/Hotels-g5230943-Sopetran_Antioquia_Department-Hotels.html
carmen de apicala,https://www.tripadvisor.com/Hotels-g1801857-Carmen_de_Apicala_Tolima_Department-Hotels.html
los naranjos,https://www.tripadvisor.com/Hotels-g6369108-Los_Naranjos_Tayrona_National_Park_Santa_Marta_Municipality_Magdalena_Department-Hotels.html
isla tintipan,https://www.tripadvisor.com/Hotels-g6503207-Isla_Tintipan_Archipelago_of_San_Bernardo_Cartagena_District_Bolivar_Department-Hotels.html
cocorna,https://www.tripadvisor.com/Hotels-g3745723-Cocorna_Antioquia_Department-Hotels.html
chinauta,https://www.tripadvisor.com/Hotels-g2506870-Chinauta_Cundinamarca_Department-Hotels.html
alcala,https://www.tripadvisor.com/Hotels-g8714746-Alcala_Valle_del_Cauca_Department-Hotels.html
isla fuerte,https://www.tripadvisor.com/Hotels-g2493919-Isla_Fuerte_Cordoba_Department-Hotels.html
providencia,https://www.tripadvisor.com/Hotels-g15024891-Providencia_Providencia_Island_San_Andres_and_Providencia_Department-Hotels.html
puerto gaitan,https://www.tripadvisor.com/Hotels-g1903151-Puerto_Gaitan_Meta_Department-Hotels.html
sonson,https://www.tripadvisor.com/Hotels-g4454117-Sonson_Antioquia_Department-Hotels.html
cienaga,https://www.tripadvisor.com/Hotels-g1437382-Cienaga_Magdalena_Department-Hotels.html
chinchina,https://www.tripadvisor.com/Hotels-g1641478-Chinchina_Caldas_Department-Hotels.html
ocana,https://www.tripadvisor.com/Hotels-g2440194-Ocana_Norte_de_Santander_Department-Hotels.html
sopo,https://www.tripadvisor.com/Hotels-g1725990-Sopo_Cundinamarca_Department-Hotels.html
sachica,https://www.tripadvisor.com/Hotels-g3347740-Sachica_Boyaca_Department-Hotels.html
pueblo bello,https://www.tripadvisor.com/Hotels-g1600803-Pueblo_Bello_Cesar_Department-Hotels.html
pijao,https://www.tripadvisor.com/Hotels-g8135294-Pijao_Quindio_Department-Hotels.html
nocaima,https://www.tripadvisor.com/Hotels-g7655341-Nocaima_Cundinamarca_Department-Hotels.html
albania,https://www.tripadvisor.com/Hotels-g4458687-Albania_La_Guajira_Department-Hotels.html
itagui,https://www.tripadvisor.com/Hotels-g2079011-Itagui_Antioquia_Department-Hotels.html
pacho,https://www.tripadvisor.com/Hotels-g1028652-Pacho_Cundinamarca_Department-Hotels.html
bonda,https://www.tripadvisor.com/Hotels-g12616322-Bonda_Magdalena_Department-Hotels.html
darien,https://www.tripadvisor.com/Hotels-g14790226-Darien_Valle_del_Cauca_Department-Hotels.html
lorica,https://www.tripadvisor.com/Hotels-g4444919-Lorica_Cordoba_Department-Hotels.html
chiquinquira,https://www.tripadvisor.com/Hotels-g1729186-Chiquinquira_Boyaca_Department-Hotels.html
garzon,https://www.tripadvisor.com/Hotels-g661291-Garzon_Huila_Department-Hotels.html
la ceja,https://www.tripadvisor.com/Hotels-g3398665-La_Ceja_Antioquia_Department-Hotels.html
raquira,https://www.tripadvisor.com/Hotels-g911528-Raquira_Boyaca_Department-Hotels.html
sabaneta,https://www.tripadvisor.com/Hotels-g2079013-Sabaneta_Antioquia_Department-Hotels.html
cajica,https://www.tripadvisor.com/Hotels-g1600807-Cajica_Cundinamarca_Department-Hotels.html
giron,https://www.tripadvisor.com/Hotels-g1598787-Giron_Santander_Department-Hotels.html
villamaria,https://www.tripadvisor.com/Hotels-g4452850-Villamaria_Caldas_Department-Hotels.html
la loma,https://www.tripadvisor.com/Hotels-g12564739-La_Loma_San_Andres_Island_San_Andres_and_Providencia_Department-Hotels.html
la pintada,https://www.tripadvisor.com/Hotels-g4004391-La_Pintada_Antioquia_Department-Hotels.html
san carlos,https://www.tripadvisor.com/Hotels-g12363692-San_Carlos_Antioquia_Department-Hotels.html
tamesis,https://www.tripadvisor.com/Hotels-g10235754-Tamesis_Antioquia_Department-Hotels.html
caucasia,https://www.tripadvisor.com/Hotels-g2440199-Caucasia_Antioquia_Department-Hotels.html
cumaral,https://www.tripadvisor.com/Hotels-g9455815-Cumaral_Meta_Department-Hotels.html
villa de san diego de ubate,https://www.tripadvisor.com/Hotels-g911527-Villa_de_San_Diego_de_Ubate_Cundinamarca_Department-Hotels.html
carmen de viboral,https://www.tripadvisor.com/Hotels-g1943843-Carmen_de_Viboral_Antioquia_Department-Hotels.html
arauca,https://www.tripadvisor.com/Hotels-g1220266-Arauca_Arauca_Department-Hotels.html
soledad,https://www.tripadvisor.com/Hotels-g2440181-Soledad_Atlantico_Department-Hotels.html
inirida,https://www.tripadvisor.com/Hotels-g3493976-Inirida_Guainia_Department-Hotels.html
mesitas del colegio,https://www.tripadvisor.com/Hotels-g12579937-Mesitas_del_Colegio_Cundinamarca_Department-Hotels.html
turbaco,https://www.tripadvisor.com/Hotels-g2546946-Turbaco_Bolivar_Department-Hotels.html
santander de quilichao,https://www.tripadvisor.com/Hotels-g4445584-Santander_de_Quilichao_Cauca_Department-Hotels.html
santander,https://www.tripadvisor.com/Hotels-g7736718-Santander_Cundinamarca_Department-Hotels.html
paz de ariporo,https://www.tripadvisor.com/Hotels-g4454923-Paz_de_Ariporo_Casanare_Department-Hotels.html
girardota,https://www.tripadvisor.com/Hotels-g4454098-Girardota_Antioquia_Department-Hotels.html
paicol,https://www.tripadvisor.com/Hotels-g7159466-Paicol_Huila_Department-Hotels.html
utica,https://www.tripadvisor.com/Hotels-g7245581-Utica_Cundinamarca_Department-Hotels.html
monitos,https://www.tripadvisor.com/Hotels-g4458293-Monitos_Cordoba_Department-Hotels.html
buenavista,https://www.tripadvisor.com/Hotels-g7187389-Buenavista_Quindio_Department-Hotels.html
fredonia,https://www.tripadvisor.com/Hotels-g4458541-Fredonia_Antioquia_Department-Hotels.html
monterrey,https://www.tripadvisor.com/Hotels-g12548154-Monterrey_Casanare_Department-Hotels.html
bello,https://www.tripadvisor.com/Hotels-g2079010-Bello_Antioquia_Department-Hotels.html
apiay,https://www.tripadvisor.com/Hotels-g7815573-Apiay_Meta_Department-Hotels.html
la macarena,https://www.tripadvisor.com/Hotels-g4455869-La_Macarena_Meta_Department-Hotels.html
el zaino,https://www.tripadvisor.com/Hotels-g14769881-El_Zaino_Tayrona_National_Park_Santa_Marta_Municipality_Magdalena_Department-Hotels.html
inza,https://www.tripadvisor.com/Hotels-g1587856-Inza_Cauca_Department-Hotels.html
santuario,https://www.tripadvisor.com/Hotels-g4455077-Santuario_Antioquia_Department-Hotels.html
puerto asis,https://www.tripadvisor.com/Hotels-g3181256-Puerto_Asis_Putumayo_Department-Hotels.html
turbo,https://www.tripadvisor.com/Hotels-g2540530-Turbo_Antioquia_Department-Hotels.html
san martin,https://www.tripadvisor.com/Hotels-g3453014-San_Martin_Meta_Department-Hotels.html
guadalupe,https://www.tripadvisor.com/Hotels-g14087289-Guadalupe_Santander_Department-Hotels.html
puerto escondido,https://www.tripadvisor.com/Hotels-g4458646-Puerto_Escondido_Cordoba_Department-Hotels.html
sabana de torres,https://www.tripadvisor.com/Hotels-g3249621-Sabana_de_Torres_Santander_Department-Hotels.html
puerto berrio,https://www.tripadvisor.com/Hotels-g4454114-Puerto_Berrio_Antioquia_Department-Hotels.html
guamo,https://www.tripadvisor.com/Hotels-g4454138-Guamo_Tolima_Department-Hotels.html
chinacota,https://www.tripadvisor.com/Hotels-g7725991-Chinacota_Norte_de_Santander_Department-Hotels.html
arcabuco,https://www.tripadvisor.com/Hotels-g6685720-Arcabuco_Boyaca_Department-Hotels.html
villagarzon,https://www.tripadvisor.com/Hotels-g4458691-Villagarzon_Putumayo_Department-Hotels.html
ladrilleros,https://www.tripadvisor.com/Hotels-g13109315-Ladrilleros_Valle_del_Cauca_Department-Hotels.html
san luis,https://www.tripadvisor.com/Hotels-g20857866-San_Luis_Antioquia_Department-Hotels.html
facatativa,https://www.tripadvisor.com/Hotels-g1222953-Facatativa_Cundinamarca_Department-Hotels.html
la union,https://www.tripadvisor.com/Hotels-g4454663-La_Union_Valle_del_Cauca_Department-Hotels.html
venecia,https://www.tripadvisor.com/Hotels-g17696858-Venecia_Antioquia_Department-Hotels.html
norcasia,https://www.tripadvisor.com/Hotels-g10543574-Norcasia_Caldas_Department-Hotels.html
baru,https://www.tripadvisor.com/Hotels-g21289157-Baru_Cartagena_District_Bolivar_Department-Hotels.html
funza,https://www.tripadvisor.com/Hotels-g4452822-Funza_Cundinamarca_Department-Hotels.html
copacabana,https://www.tripadvisor.com/Hotels-g4452824-Copacabana_Antioquia_Department-Hotels.html
sutatausa,https://www.tripadvisor.com/Hotels-g11982103-Sutatausa_Cundinamarca_Department-Hotels.html
restrepo,https://www.tripadvisor.com/Hotels-g3580307-Restrepo_Valle_del_Cauca_Department-Hotels.html
cucunuba,https://www.tripadvisor.com/Hotels-g6495628-Cucunuba_Cundinamarca_Department-Hotels.html
la plata,https://www.tripadvisor.com/Hotels-g1787394-La_Plata_Huila_Department-Hotels.html
choconta,https://www.tripadvisor.com/Hotels-g1725987-Choconta_Cundinamarca_Department-Hotels.html
fonseca,https://www.tripadvisor.com/Hotels-g4454940-Fonseca_La_Guajira_Department-Hotels.html
jamundi,https://www.tripadvisor.com/Hotels-g1816400-Jamundi_Valle_del_Cauca_Department-Hotels.html
piscinita,https://www.tripadvisor.com/Hotels-g12616611-Piscinita_San_Andres_Island_San_Andres_and_Providencia_Department-Hotels.html
santa barbara,https://www.tripadvisor.com/Hotels-g4458295-Santa_Barbara_Antioquia_Department-Hotels.html
maicao,https://www.tripadvisor.com/Hotels-g2440189-Maicao_La_Guajira_Department-Hotels.html
riosucio,https://www.tripadvisor.com/Hotels-g3971037-Riosucio_Caldas_Department-Hotels.html
viota,https://www.tripadvisor.com/Hotels-g15452230-Viota_Cundinamarca_Department-Hotels.html
fresh water bay,https://www.tripadvisor.com/Hotels-g15036460-Fresh_Water_Bay_Providencia_Island_San_Andres_and_Providencia_Department-Hotels.html
vergara,https://www.tripadvisor.com/Hotels-g12596247-Vergara_Cundinamarca_Department-Hotels.html
murillo,https://www.tripadvisor.com/Hotels-g7826606-Murillo_Tolima_Department-Hotels.html
mani,https://www.tripadvisor.com/Hotels-g12834187-Mani_Casanare_Department-Hotels.html
mitu,https://www.tripadvisor.com/Hotels-g1644904-Mitu_Vaupes_Department-Hotels.html
isnos,https://www.tripadvisor.com/Hotels-g4455877-Isnos_Huila_Department-Hotels.html
planeta rica,https://www.tripadvisor.com/Hotels-g4452820-Planeta_Rica_Cordoba_Department-Hotels.html
yotoco,https://www.tripadvisor.com/Hotels-g12660082-Yotoco_Valle_del_Cauca_Department-Hotels.html
belen de umbria,https://www.tripadvisor.com/Hotels-g4454906-Belen_de_Umbria_Risaralda_Department-Hotels.html
punta arenas,https://www.tripadvisor.com/Hotels-g15903024-Punta_Arenas_Cartagena_District_Bolivar_Department-Hotels.html
aguadas,https://www.tripadvisor.com/Hotels-g4455867-Aguadas_Caldas_Department-Hotels.html
el banco,https://www.tripadvisor.com/Hotels-g1725997-El_Banco_Magdalena_Department-Hotels.html
zetaquira,https://www.tripadvisor.com/Hotels-g12620326-Zetaquira_Boyaca_Department-Hotels.html
caldas,https://www.tripadvisor.com/Hotels-g4446040-Caldas_Antioquia_Department-Hotels.html
manaure,https://www.tripadvisor.com/Hotels-g4446049-Manaure_La_Guajira_Department-Hotels.html
isla mucura,https://www.tripadvisor.com/Hotels-g6503205-Isla_Mucura_Archipelago_of_San_Bernardo_Cartagena_District_Bolivar_Department-Hotels.html
agua de dios,https://www.tripadvisor.com/Hotels-g13153093-Agua_de_Dios_Cundinamarca_Department-Hotels.html
tauramena,https://www.tripadvisor.com/Hotels-g7228374-Tauramena_Casanare_Department-Hotels.html
yumbo,https://www.tripadvisor.com/Hotels-g2440197-Yumbo_Valle_del_Cauca_Department-Hotels.html
camarones,https://www.tripadvisor.com/Hotels-g12684521-Camarones_La_Guajira_Department-Hotels.html
genova,https://www.tripadvisor.com/Hotels-g8699106-Genova_Quindio_Department-Hotels.html
el cove,https://www.tripadvisor.com/Hotels-g12654769-El_Cove_San_Andres_Island_San_Andres_and_Providencia_Department-Hotels.html
trinidad,https://www.tripadvisor.com/Hotels-g12833969-Trinidad_Casanare_Department-Hotels.html
ramiriqui,https://www.tripadvisor.com/Hotels-g12592197-Ramiriqui_Boyaca_Department-Hotels.html
andes,https://www.tripadvisor.com/Hotels-g3400836-Andes_Antioquia_Department-Hotels.html
cubarral,https://www.tripadvisor.com/Hotels-g7241899-Cubarral_Meta_Department-Hotels.html
macheta,https://www.tripadvisor.com/Hotels-g12660201-Macheta_Cundinamarca_Department-Hotels.html
gigante,https://www.tripadvisor.com/Hotels-g4454780-Gigante_Huila_Department-Hotels.html
anolaima,https://www.tripadvisor.com/Hotels-g12627346-Anolaima_Cundinamarca_Department-Hotels.html
guamal,https://www.tripadvisor.com/Hotels-g8479194-Guamal_Meta_Department-Hotels.html
santa rosa de osos,https://www.tripadvisor.com/Hotels-g4454684-Santa_Rosa_de_Osos_Antioquia_Department-Hotels.html
madrid,https://www.tripadvisor.com/Hotels-g4452819-Madrid_Cundinamarca_Department-Hotels.html
puerto carreno,https://www.tripadvisor.com/Hotels-g12001580-Puerto_Carreno_Vichada_Department-Hotels.html
puerto nare,https://www.tripadvisor.com/Hotels-g12834143-Puerto_Nare_Antioquia_Department-Hotels.html
corozal,https://www.tripadvisor.com/Hotels-g4452828-Corozal_Sucre_Department-Hotels.html
plato,https://www.tripadvisor.com/Hotels-g4452843-Plato_Magdalena_Department-Hotels.html
aguazul,https://www.tripadvisor.com/Hotels-g4004398-Aguazul_Casanare_Department-Hotels.html
curumani,https://www.tripadvisor.com/Hotels-g4454912-Curumani_Cesar_Department-Hotels.html
rionegro,https://www.tripadvisor.com/Hotels-g2514556-Rionegro_Santander_Department-Hotels.html
libano,https://www.tripadvisor.com/Hotels-g4454104-Libano_Tolima_Department-Hotels.html
pendales,https://www.tripadvisor.com/Hotels-g17619872-Pendales_Cartagena_District_Bolivar_Department-Hotels.html
carepa,https://www.tripadvisor.com/Hotels-g4454050-Carepa_Antioquia_Department-Hotels.html
ginebra,https://www.tripadvisor.com/Hotels-g4068210-Ginebra_Valle_del_Cauca_Department-Hotels.html
san vicente de chucuri,https://www.tripadvisor.com/Hotels-g4454175-San_Vicente_de_Chucuri_Santander_Department-Hotels.html
tocancipa,https://www.tripadvisor.com/Hotels-g1488736-Tocancipa_Cundinamarca_Department-Hotels.html
betania,https://www.tripadvisor.com/Hotels-g13153089-Betania_Antioquia_Department-Hotels.html
soacha,https://www.tripadvisor.com/Hotels-g2440183-Soacha_Cundinamarca_Department-Hotels.html
gachancipa,https://www.tripadvisor.com/Hotels-g12994358-Gachancipa_Cundinamarca_Department-Hotels.html
la barra,https://www.tripadvisor.com/Hotels-g20056380-La_Barra_Valle_del_Cauca_Department-Hotels.html
villanueva,https://www.tripadvisor.com/Hotels-g2492484-Villanueva_Santander_Department-Hotels.html
charala,https://www.tripadvisor.com/Hotels-g2026756-Charala_Santander_Department-Hotels.html
oiba,https://www.tripadvisor.com/Hotels-g13219211-Oiba_Santander_Department-Hotels.html
aipe,https://www.tripadvisor.com/Hotels-g12993981-Aipe_Huila_Department-Hotels.html
fundacion,https://www.tripadvisor.com/Hotels-g4452830-Fundacion_Magdalena_Department-Hotels.html
valle del guamuez,https://www.tripadvisor.com/Hotels-g4452854-Valle_del_Guamuez_Putumayo_Department-Hotels.html
neira,https://www.tripadvisor.com/Hotels-g4454784-Neira_Caldas_Department-Hotels.html
montelibano,https://www.tripadvisor.com/Hotels-g4445727-Montelibano_Cordoba_Department-Hotels.html
barbosa,https://www.tripadvisor.com/Hotels-g4454102-Barbosa_Antioquia_Department-Hotels.html
risaralda,https://www.tripadvisor.com/Hotels-g10618472-Risaralda_Caldas_Department-Hotels.html
orito,https://www.tripadvisor.com/Hotels-g4454039-Orito_Putumayo_Department-Hotels.html
aratoca,https://www.tripadvisor.com/Hotels-g11980372-Aratoca_Santander_Department-Hotels.html
la vega,https://www.tripadvisor.com/Hotels-g21226060-La_Vega_Cundinamarca_Department-Hotels.html
paramo,https://www.tripadvisor.com/Hotels-g12654580-Paramo_Santander_Department-Hotels.html
ulloa,https://www.tripadvisor.com/Hotels-g15036321-Ulloa_Valle_del_Cauca_Department-Hotels.html
el eden,https://www.tripadvisor.com/Hotels-g12616631-El_Eden_Quindio_Department-Hotels.html
magangue,https://www.tripadvisor.com/Hotels-g2440190-Magangue_Bolivar_Department-Hotels.html
san cipriano,https://www.tripadvisor.com/Hotels-g2158644-San_Cipriano_Valle_del_Cauca_Department-Hotels.html
cogua,https://www.tripadvisor.com/Hotels-g3398679-Cogua_Cundinamarca_Department-Hotels.html
zipacon,https://www.tripadvisor.com/Hotels-g12654765-Zipacon_Cundinamarca_Department-Hotels.html
sucre,https://www.tripadvisor.com/Hotels-g4458559-Sucre_Sucre_Department-Hotels.html
cerete,https://www.tripadvisor.com/Hotels-g4445422-Cerete_Cordoba_Department-Hotels.html
pichinde,https://www.tripadvisor.com/Hotels-g12654716-Pichinde_Valle_del_Cauca_Department-Hotels.html
corrales,https://www.tripadvisor.com/Hotels-g8744024-Corrales_Boyaca_Department-Hotels.html
san jose del fragua,https://www.tripadvisor.com/Hotels-g23372186-San_Jose_Del_Fragua_Caqueta_Department-Hotels.html
tibirita,https://www.tripadvisor.com/Hotels-g7092569-Tibirita_Cundinamarca_Department-Hotels.html
orocue,https://www.tripadvisor.com/Hotels-g3580311-Orocue_Casanare_Department-Hotels.html
topaga,https://www.tripadvisor.com/Hotels-g3492244-Topaga_Boyaca_Department-Hotels.html
chaparral,https://www.tripadvisor.com/Hotels-g4452847-Chaparral_Tolima_Department-Hotels.html
miraflores,https://www.tripadvisor.com/Hotels-g21197042-Miraflores_Boyaca_Department-Hotels.html
guamal,https://www.tripadvisor.com/Hotels-g4455831-Guamal_Magdalena_Department-Hotels.html
san jose suaita,https://www.tripadvisor.com/Hotels-g12834105-San_Jose_Suaita_Santander_Department-Hotels.html
flandes,https://www.tripadvisor.com/Hotels-g1726001-Flandes_Tolima_Department-Hotels.html
garagoa,https://www.tripadvisor.com/Hotels-g4922911-Garagoa_Boyaca_Department-Hotels.html
valparaiso,https://www.tripadvisor.com/Hotels-g3961524-Valparaiso_Antioquia_Department-Hotels.html
yarumal,https://www.tripadvisor.com/Hotels-g4454106-Yarumal_Antioquia_Department-Hotels.html
piendamo,https://www.tripadvisor.com/Hotels-g4454127-Piendamo_Cauca_Department-Hotels.html
anserma,https://www.tripadvisor.com/Hotels-g4454134-Anserma_Caldas_Department-Hotels.html
galapa,https://www.tripadvisor.com/Hotels-g4053736-Galapa_Atlantico_Department-Hotels.html
chinu,https://www.tripadvisor.com/Hotels-g4454044-Chinu_Cordoba_Department-Hotels.html
guane,https://www.tripadvisor.com/Hotels-g12834346-Guane_Santander_Department-Hotels.html
cachipay,https://www.tripadvisor.com/Hotels-g8365908-Cachipay_Cundinamarca_Department-Hotels.html
san juan del cesar,https://www.tripadvisor.com/Hotels-g4454167-San_Juan_del_Cesar_La_Guajira_Department-Hotels.html
san juan de arama,https://www.tripadvisor.com/Hotels-g12616526-San_Juan_de_Arama_Meta_Department-Hotels.html
el islote,https://www.tripadvisor.com/Hotels-g13326205-El_Islote_Archipelago_of_San_Bernardo_Cartagena_District_Bolivar_Department-Hotels.html
tibana,https://www.tripadvisor.com/Hotels-g8355773-Tibana_Boyaca_Department-Hotels.html
sesquile,https://www.tripadvisor.com/Hotels-g14759719-Sesquile_Cundinamarca_Department-Hotels.html
sagoc,https://www.tripadvisor.com/Hotels-g23234234-Sagoc_Sucre_Department-Hotels.html
gacheta,https://www.tripadvisor.com/Hotels-g14794516-Gacheta_Cundinamarca_Department-Hotels.html
pance,https://www.tripadvisor.com/Hotels-g13424847-Pance_Valle_del_Cauca_Department-Hotels.html
la jagua de ibirico,https://www.tripadvisor.com/Hotels-g4458581-La_Jagua_de_Ibirico_Cesar_Department-Hotels.html
malambo,https://www.tripadvisor.com/Hotels-g2440196-Malambo_Atlantico_Department-Hotels.html
santana,https://www.tripadvisor.com/Hotels-g17732908-Santana_Boyaca_Department-Hotels.html
fomeque,https://www.tripadvisor.com/Hotels-g7811138-Fomeque_Cundinamarca_Department-Hotels.html
susa,https://www.tripadvisor.com/Hotels-g13280401-Susa_Cundinamarca_Department-Hotels.html
san luis,https://www.tripadvisor.com/Hotels-g5213225-San_Luis_Tolima_Department-Hotels.html
llano grande,https://www.tripadvisor.com/Hotels-g13350077-Llano_Grande_Antioquia_Department-Hotels.html
la mercedes,https://www.tripadvisor.com/Hotels-g12908652-La_Mercedes_Antioquia_Department-Hotels.html
cucaita,https://www.tripadvisor.com/Hotels-g8862802-Cucaita_Boyaca_Department-Hotels.html
san juan de uraba,https://www.tripadvisor.com/Hotels-g4458682-San_Juan_de_Uraba_Antioquia_Department-Hotels.html
mosquera,https://www.tripadvisor.com/Hotels-g1600809-Mosquera_Cundinamarca_Department-Hotels.html
arbelaez,https://www.tripadvisor.com/Hotels-g1600804-Arbelaez_Cundinamarca_Department-Hotels.html
fresno,https://www.tripadvisor.com/Hotels-g4454677-Fresno_Tolima_Department-Hotels.html
venecia,https://www.tripadvisor.com/Hotels-g12834221-Venecia_Cundinamarca_Department-Hotels.html
san vicente del caguan,https://www.tripadvisor.com/Hotels-g4452832-San_Vicente_del_Caguan_Caqueta_Department-Hotels.html
supia,https://www.tripadvisor.com/Hotels-g3754372-Supia_Caldas_Department-Hotels.html
angelopolis,https://www.tripadvisor.com/Hotels-g19856608-Angelopolis_Antioquia_Department-Hotels.html
samana,https://www.tripadvisor.com/Hotels-g4455824-Samana_Caldas_Department-Hotels.html
otanche,https://www.tripadvisor.com/Hotels-g14081334-Otanche_Boyaca_Department-Hotels.html
guadalupe,https://www.tripadvisor.com/Hotels-g12030274-Guadalupe_Antioquia_Department-Hotels.html
quebradanegra,https://www.tripadvisor.com/Hotels-g17650468-Quebradanegra_Cundinamarca_Department-Hotels.html
lerida,https://www.tripadvisor.com/Hotels-g1725996-Lerida_Tolima_Department-Hotels.html
tumaco,https://www.tripadvisor.com/Hotels-g21423074-Tumaco_Narino_Department-Hotels.html
hobo,https://www.tripadvisor.com/Hotels-g18849784-Hobo_Huila_Department-Hotels.html
el bordo,https://www.tripadvisor.com/Hotels-g17537562-El_Bordo_Cauca_Department-Hotels.html
velez,https://www.tripadvisor.com/Hotels-g8596403-Velez_Santander_Department-Hotels.html
cimitarra,https://www.tripadvisor.com/Hotels-g4454162-Cimitarra_Santander_Department-Hotels.html
tobia chica,https://www.tripadvisor.com/Hotels-g15036349-Tobia_Chica_Cundinamarca_Department-Hotels.html
quinchia,https://www.tripadvisor.com/Hotels-g4454169-Quinchia_Risaralda_Department-Hotels.html
nilo,https://www.tripadvisor.com/Hotels-g12616633-Nilo_Cundinamarca_Department-Hotels.html
san diego,https://www.tripadvisor.com/Hotels-g12946279-San_Diego_Cesar_Department-Hotels.html
granada,https://www.tripadvisor.com/Hotels-g7754695-Granada_Cundinamarca_Department-Hotels.html
isla marina,https://www.tripadvisor.com/Hotels-g12590896-Isla_Marina_Islas_de_Rosario_Cartagena_District_Bolivar_Department-Hotels.html
pandi,https://www.tripadvisor.com/Hotels-g1641485-Pandi_Cundinamarca_Department-Hotels.html
puerto leguizamo,https://www.tripadvisor.com/Hotels-g13374539-Puerto_Leguizamo_Putumayo_Department-Hotels.html
simacota,https://www.tripadvisor.com/Hotels-g23365077-Simacota_Santander_Department-Hotels.html
la playa de belen,https://www.tripadvisor.com/Hotels-g17341884-La_Playa_de_Belen_Norte_de_Santander_Department-Hotels.html
el penon,https://www.tripadvisor.com/Hotels-g21179894-El_Penon_Cundinamarca_Department-Hotels.html
barcelona,https://www.tripadvisor.com/Hotels-g12654592-Barcelona_Quindio_Department-Hotels.html
san mateo,https://www.tripadvisor.com/Hotels-g14927346-San_Mateo_Boyaca_Department-Hotels.html
villa maria,https://www.tripadvisor.com/Hotels-g19755056-Villa_Maria_Huila_Department-Hotels.html
mamonal,https://www.tripadvisor.com/Hotels-g17518628-Mamonal_Cartagena_District_Bolivar_Department-Hotels.html
cumaribo,https://www.tripadvisor.com/Hotels-g4454771-Cumaribo_Vichada_Department-Hotels.html
san roque,https://www.tripadvisor.com/Hotels-g15292893-San_Roque_Cundinamarca_Department-Hotels.html
pauna,https://www.tripadvisor.com/Hotels-g7092566-Pauna_Boyaca_Department-Hotels.html
belalcazar,https://www.tripadvisor.com/Hotels-g7855376-Belalcazar_Caldas_Department-Hotels.html
pueblo rico,https://www.tripadvisor.com/Hotels-g11982133-Pueblo_Rico_Quindio_Department-Hotels.html
baranoa,https://www.tripadvisor.com/Hotels-g4452838-Baranoa_Atlantico_Department-Hotels.html
manzanares,https://www.tripadvisor.com/Hotels-g4455843-Manzanares_Caldas_Department-Hotels.html
puebloviejo,https://www.tripadvisor.com/Hotels-g4455851-Puebloviejo_Magdalena_Department-Hotels.html
pianguita,https://www.tripadvisor.com/Hotels-g21504832-Pianguita_Valle_del_Cauca_Department-Hotels.html
san jose de pare,https://www.tripadvisor.com/Hotels-g8300114-San_Jose_de_Pare_Boyaca_Department-Hotels.html
tesalia,https://www.tripadvisor.com/Hotels-g21182317-Tesalia_Huila_Department-Hotels.html
amaga,https://www.tripadvisor.com/Hotels-g4454922-Amaga_Antioquia_Department-Hotels.html
puerto viejo,https://www.tripadvisor.com/Hotels-g12591764-Puerto_Viejo_Sucre_Department-Hotels.html
simijaca,https://www.tripadvisor.com/Hotels-g12660299-Simijaca_Cundinamarca_Department-Hotels.html
combia,https://www.tripadvisor.com/Hotels-g12660309-Combia_Risaralda_Department-Hotels.html
la primavera,https://www.tripadvisor.com/Hotels-g17587114-La_Primavera_Vichada_Department-Hotels.html
el tambo,https://www.tripadvisor.com/Hotels-g17782730-El_Tambo_Antioquia_Department-Hotels.html
la palmera,https://www.tripadvisor.com/Hotels-g21507969-La_Palmera_Meta_Department-Hotels.html
pore,https://www.tripadvisor.com/Hotels-g12545618-Pore_Casanare_Department-Hotels.html
el carmen de bolivar,https://www.tripadvisor.com/Hotels-g4446043-El_Carmen_de_Bolivar_Bolivar_Department-Hotels.html
concepcion,https://www.tripadvisor.com/Hotels-g23587366-Concepcion_Antioquia_Department-Hotels.html
campoalegre,https://www.tripadvisor.com/Hotels-g4454190-Campoalegre_Huila_Department-Hotels.html
ambalema,https://www.tripadvisor.com/Hotels-g17677982-Ambalema_Tolima_Department-Hotels.html
ulloa,https://www.tripadvisor.com/Hotels-g23372537-Ulloa_Huila_Department-Hotels.html
don matias,https://www.tripadvisor.com/Hotels-g12570377-Don_Matias_Antioquia_Department-Hotels.html
yaguara,https://www.tripadvisor.com/Hotels-g2692092-Yaguara_Huila_Department-Hotels.html
la hormiga,https://www.tripadvisor.com/Hotels-g21135701-La_Hormiga_Putumayo_Department-Hotels.html
vda. el caucho,https://www.tripadvisor.com/Hotels-g23449982-Vda_El_Caucho_Antioquia_Department-Hotels.html
guacary condina,https://www.tripadvisor.com/Hotels-g23520588-Guacary_Condina_Risaralda_Department-Hotels.html
el porvenir,https://www.tripadvisor.com/Hotels-g17732948-El_Porvenir_Cordoba_Department-Hotels.html
el encano,https://www.tripadvisor.com/Hotels-g20261302-El_Encano_Narino_Department-Hotels.html
villa carola,https://www.tripadvisor.com/Hotels-g19920315-Villa_Carola_Casanare_Department-Hotels.html
la bananera,https://www.tripadvisor.com/Hotels-g23222737-La_Bananera_Risaralda_Department-Hotels.html
las canoas,https://www.tripadvisor.com/Hotels-g20269453-Las_Canoas_Cartagena_District_Bolivar_Department-Hotels.html
rovira,https://www.tripadvisor.com/Hotels-g4458648-Rovira_Tolima_Department-Hotels.html
san jacinto,https://www.tripadvisor.com/Hotels-g4458659-San_Jacinto_Bolivar_Department-Hotels.html
san bartolo,https://www.tripadvisor.com/Hotels-g17518623-San_Bartolo_Antioquia_Department-Hotels.html
samaca,https://www.tripadvisor.com/Hotels-g15292872-Samaca_Boyaca_Department-Hotels.html
timbio,https://www.tripadvisor.com/Hotels-g4454758-Timbio_Cauca_Department-Hotels.html
rondon,https://www.tripadvisor.com/Hotels-g21507173-Rondon_Boyaca_Department-Hotels.html
la union,https://www.tripadvisor.com/Hotels-g15522259-La_union_Sucre_Department-Hotels.html
guatapuri,https://www.tripadvisor.com/Hotels-g21165181-Guatapuri_Cesar_Department-Hotels.html
providencia,https://www.tripadvisor.com/Hotels-g21139463-Providencia_Antioquia_Department-Hotels.html
majagual,https://www.tripadvisor.com/Hotels-g4454668-Majagual_Sucre_Department-Hotels.html
san marcos,https://www.tripadvisor.com/Hotels-g4288784-San_Marcos_Sucre_Department-Hotels.html
guayabal,https://www.tripadvisor.com/Hotels-g23518258-Guayabal_Tolima_Department-Hotels.html
santo tomas,https://www.tripadvisor.com/Hotels-g4455874-Santo_Tomas_Atlantico_Department-Hotels.html
rafael uribe uribe,https://www.tripadvisor.com/Hotels-g19684521-Rafael_Uribe_Uribe_Antioquia_Department-Hotels.html
pasacaballos,https://www.tripadvisor.com/Hotels-g23520499-Pasacaballos_Cartagena_District_Bolivar_Department-Hotels.html
san roque,https://www.tripadvisor.com/Hotels-g20057260-San_Roque_Cundinamarca_Department-Hotels.html
mayapo,https://www.tripadvisor.com/Hotels-g7134684-Mayapo_La_Guajira_Department-Hotels.html
maria la baja,https://www.tripadvisor.com/Hotels-g4452853-Maria_La_Baja_Bolivar_Department-Hotels.html
guacheta,https://www.tripadvisor.com/Hotels-g21161094-Guacheta_Cundinamarca_Department-Hotels.html
guapota,https://www.tripadvisor.com/Hotels-g19755257-Guapota_Santander_Department-Hotels.html
la navarra,https://www.tripadvisor.com/Hotels-g17531112-La_Navarra_Antioquia_Department-Hotels.html
herveo,https://www.tripadvisor.com/Hotels-g23701637-Herveo_Tolima_Department-Hotels.html
campo alegre,https://www.tripadvisor.com/Hotels-g23520407-Campo_Alegre_Antioquia_Department-Hotels.html
argelia,https://www.tripadvisor.com/Hotels-g4455856-Argelia_Cauca_Department-Hotels.html
isla,https://www.tripadvisor.com/Hotels-g15353105-Isla_Sucre_Department-Hotels.html
el rosal,https://www.tripadvisor.com/Hotels-g8687238-El_Rosal_Cundinamarca_Department-Hotels.html
el bosque,https://www.tripadvisor.com/Hotels-g21132111-El_Bosque_Antioquia_Department-Hotels.html
patima,https://www.tripadvisor.com/Hotels-g24942436-Patima_Valle_del_Cauca_Department-Hotels.html
el carmen de atrato,https://www.tripadvisor.com/Hotels-g21156702-El_Carmen_de_Atrato_Choco_Department-Hotels.html
la punta,https://www.tripadvisor.com/Hotels-g12545735-La_Punta_Cundinamarca_Department-Hotels.html
baraya,https://www.tripadvisor.com/Hotels-g24043499-Baraya_Huila_Department-Hotels.html
tibu,https://www.tripadvisor.com/Hotels-g4454142-Tibu_Norte_de_Santander_Department-Hotels.html
pensilvania,https://www.tripadvisor.com/Hotels-g4455055-Pensilvania_Caldas_Department-Hotels.html
barrancas,https://www.tripadvisor.com/Hotels-g4455073-Barrancas_La_Guajira_Department-Hotels.html
natagaima,https://www.tripadvisor.com/Hotels-g4458306-Natagaima_Tolima_Department-Hotels.html
durania,https://www.tripadvisor.com/Hotels-g21226053-Durania_Norte_de_Santander_Department-Hotels.html
morelia,https://www.tripadvisor.com/Hotels-g23334508-Morelia_Caqueta_Department-Hotels.html
sardinata,https://www.tripadvisor.com/Hotels-g4458327-Sardinata_Norte_de_Santander_Department-Hotels.html
hatillo,https://www.tripadvisor.com/Hotels-g20071947-Hatillo_Bolivar_Department-Hotels.html
quebrada las minas,https://www.tripadvisor.com/Hotels-g23702060-Quebrada_Las_Minas_Santander_Department-Hotels.html
ortega,https://www.tripadvisor.com/Hotels-g4454166-Ortega_Tolima_Department-Hotels.html
el dovio,https://www.tripadvisor.com/Hotels-g23793167-El_Dovio_Valle_del_Cauca_Department-Hotels.html
la pampa,https://www.tripadvisor.com/Hotels-g23935495-La_Pampa_Valle_del_Cauca_Department-Hotels.html
santa rosa,https://www.tripadvisor.com/Hotels-g20092495-Santa_Rosa_Cauca_Department-Hotels.html
la ultima copa,https://www.tripadvisor.com/Hotels-g23753455-La_Ultima_Copa_Antioquia_Department-Hotels.html
san jose nuestra senora,https://www.tripadvisor.com/Hotels-g15036275-San_Jose_Nuestra_Senora_Antioquia_Department-Hotels.html
san martin,https://www.tripadvisor.com/Hotels-g21506768-San_Martin_Cesar_Department-Hotels.html
vetas,https://www.tripadvisor.com/Hotels-g18177751-Vetas_Santander_Department-Hotels.html
urumita,https://www.tripadvisor.com/Hotels-g21106324-Urumita_La_Guajira_Department-Hotels.html
briceno,https://www.tripadvisor.com/Hotels-g23621301-Briceno_Cundinamarca_Department-Hotels.html
laguna de ortices,https://www.tripadvisor.com/Hotels-g21092007-Laguna_de_Ortices_Santander_Department-Hotels.html
malaga,https://www.tripadvisor.com/Hotels-g21374635-Malaga_Santander_Department-Hotels.html
